-- Bicount demo seed for store screenshots
-- Target user: 3176d886-9714-4c61-9832-46b5675096f6
-- Currency: CDF
-- Mode: additive and idempotent
--
-- This script does not delete existing user data.
-- For the cleanest screenshots, run it on a dedicated demo account.

begin;

do $$
begin
  if not exists (
    select 1
    from public.users
    where uid = '3176d886-9714-4c61-9832-46b5675096f6'
  ) then
    raise exception 'Target user % not found in public.users',
      '3176d886-9714-4c61-9832-46b5675096f6';
  end if;
end
$$;

update public.users
set
    reference_currency_code = 'CDF',
    image = case
        when coalesce(nullif(image, ''), '') = '' then 'https://yudjgfypbsahpukruqta.supabase.co/storage/v1/object/public/memoji/memoji_default.png'
        else image
    end,
    username = case
        when coalesce(nullif(username, ''), '') = '' then 'Compte demo Bicount'
        else username
    end
where
    uid = '3176d886-9714-4c61-9832-46b5675096f6';

insert into
    public.friends (
        sid,
        uid,
        fid,
        image,
        username,
        email,
        give,
        receive,
        relation_type,
        personal_income,
        company_income
    )
values (
        '11111111-1111-1111-1111-111111111111',
        null,
        null,
        'https://api.dicebear.com/9.x/adventurer/png?seed=Studio%20Kivu',
        'Studio Kivu',
        'finance@studiokivu.cd',
        0,
        0,
        3,
        0,
        0
    ),
    (
        '22222222-2222-2222-2222-222222222222',
        null,
        null,
        'https://api.dicebear.com/9.x/adventurer/png?seed=Nadege%20Mbuyi',
        'Nadege Mbuyi',
        'nadege.mbuyi@example.com',
        0,
        0,
        0,
        0,
        0
    ),
    (
        '33333333-3333-3333-3333-333333333333',
        null,
        null,
        'https://api.dicebear.com/9.x/adventurer/png?seed=Patrick%20Kanku',
        'Patrick Kanku',
        'patrick.kanku@example.com',
        0,
        0,
        0,
        0,
        0
    ),
    (
        '44444444-4444-4444-4444-444444444444',
        null,
        null,
        'https://api.dicebear.com/9.x/adventurer/png?seed=Grace%20Ilunga',
        'Grace Ilunga',
        'grace.ilunga@example.com',
        0,
        0,
        0,
        0,
        0
    ),
    (
        '55555555-5555-5555-5555-555555555555',
        null,
        null,
        'https://api.dicebear.com/9.x/shapes/png?seed=CanalBox',
        'CanalBox Fibre',
        'support@canalbox.cd',
        0,
        0,
        1,
        0,
        0
    ),
    (
        '66666666-6666-6666-6666-666666666666',
        null,
        null,
        'https://api.dicebear.com/9.x/shapes/png?seed=Spotify',
        'Spotify Famille',
        'support@spotify.com',
        0,
        0,
        1,
        0,
        0
    ),
    (
        '77777777-7777-7777-7777-777777777777',
        null,
        null,
        'https://api.dicebear.com/9.x/adventurer/png?seed=Atelier%20Malebo',
        'Atelier Malebo',
        'contact@ateliermalebo.cd',
        0,
        0,
        3,
        0,
        0
    ),
    (
        '88888888-8888-8888-8888-888888888888',
        null,
        null,
        'https://api.dicebear.com/9.x/shapes/png?seed=Airtel%20Business',
        'Airtel Business',
        'business@airtel.cd',
        0,
        0,
        1,
        0,
        0
    ) on conflict (sid) do
update
set
    uid = excluded.uid,
    fid = excluded.fid,
    image = excluded.image,
    username = excluded.username,
    email = excluded.email,
    give = excluded.give,
    receive = excluded.receive,
    relation_type = excluded.relation_type,
    personal_income = excluded.personal_income,
    company_income = excluded.company_income;

insert into public.recurring_transfert (
  recurring_transfert_id,
  uid,
  transaction_type,
  title,
  note,
  amount,
  currency,
  sender_id,
  beneficiary_id,
  frequency,
  start_date,
  next_due_date,
  end_date,
  status,
  execution_mode,
  reminder_enabled,
  last_generated_at,
  last_confirmed_at,
  created_at
)
values
  (
    'aaaaaaa1-aaaa-aaaa-aaaa-aaaaaaaaaaa1',
    '3176d886-9714-4c61-9832-46b5675096f6',
    3,
    'Salaire principal - Studio Kivu',
    'Salaire principal mensuel pour la presentation.',
    2400000,
    'CDF',
    '11111111-1111-1111-1111-111111111111',
    '3176d886-9714-4c61-9832-46b5675096f6',
    1,
    (date_trunc('month', current_date) - interval '2 month' + interval '1 day')::date,
    (date_trunc('month', current_date) + interval '1 month' + interval '1 day')::date,
    null,
    0,
    0,
    true,
    (date_trunc('month', current_timestamp) + interval '1 day 08:10')::timestamp,
    (date_trunc('month', current_timestamp) + interval '1 day 08:10')::timestamp,
    (date_trunc('month', current_timestamp) - interval '70 days')::timestamp
  ),
  (
    'aaaaaaa2-aaaa-aaaa-aaaa-aaaaaaaaaaa2',
    '3176d886-9714-4c61-9832-46b5675096f6',
    3,
    'Prime commerciale',
    'Prime mensuelle volontairement en attente pour la carte d''attention.',
    450000,
    'CDF',
    '11111111-1111-1111-1111-111111111111',
    '3176d886-9714-4c61-9832-46b5675096f6',
    1,
    (date_trunc('month', current_date) - interval '2 month' + interval '5 day')::date,
    (date_trunc('month', current_date) + interval '5 day')::date,
    null,
    0,
    0,
    true,
    null,
    (date_trunc('month', current_timestamp) - interval '1 month' + interval '5 day 09:30')::timestamp,
    (date_trunc('month', current_timestamp) - interval '68 days')::timestamp
  ),
  (
    'bbbbbbb1-bbbb-bbbb-bbbb-bbbbbbbbbbb1',
    '3176d886-9714-4c61-9832-46b5675096f6',
    5,
    'Consulting hebdo',
    'Petites missions creatives payees chaque semaine.',
    180000,
    'CDF',
    '77777777-7777-7777-7777-777777777777',
    '3176d886-9714-4c61-9832-46b5675096f6',
    0,
    (current_date - interval '27 day')::date,
    (current_date + interval '1 day')::date,
    null,
    0,
    1,
    true,
    (current_timestamp - interval '6 day')::timestamp,
    null,
    (current_timestamp - interval '27 day')::timestamp
  ),
  (
    'ccccccc1-cccc-cccc-cccc-ccccccccccc1',
    '3176d886-9714-4c61-9832-46b5675096f6',
    2,
    'CanalBox Fibre',
    'Abonnement internet maison.',
    240000,
    'CDF',
    '3176d886-9714-4c61-9832-46b5675096f6',
    '55555555-5555-5555-5555-555555555555',
    1,
    (date_trunc('month', current_date) - interval '2 month' + interval '11 day')::date,
    (date_trunc('month', current_date) + interval '11 day')::date,
    null,
    0,
    1,
    true,
    (date_trunc('month', current_timestamp) - interval '1 month' + interval '11 day 10:20')::timestamp,
    null,
    (current_timestamp - interval '65 day')::timestamp
  ),
  (
    'ccccccc2-cccc-cccc-cccc-ccccccccccc2',
    '3176d886-9714-4c61-9832-46b5675096f6',
    2,
    'Spotify Famille',
    'Abonnement musique pour la famille.',
    42000,
    'CDF',
    '3176d886-9714-4c61-9832-46b5675096f6',
    '66666666-6666-6666-6666-666666666666',
    1,
    (date_trunc('month', current_date) - interval '2 month' + interval '17 day')::date,
    (date_trunc('month', current_date) + interval '17 day')::date,
    null,
    0,
    1,
    true,
    (date_trunc('month', current_timestamp) + interval '4 day 07:50')::timestamp,
    null,
    (current_timestamp - interval '58 day')::timestamp
  ),
  (
    'ccccccc3-cccc-cccc-cccc-ccccccccccc3',
    '3176d886-9714-4c61-9832-46b5675096f6',
    4,
    'Airtel Business',
    'Forfait data pro recurrent.',
    95000,
    'CDF',
    '3176d886-9714-4c61-9832-46b5675096f6',
    '88888888-8888-8888-8888-888888888888',
    1,
    (date_trunc('month', current_date) - interval '2 month' + interval '3 day')::date,
    (date_trunc('month', current_date) + interval '1 month' + interval '3 day')::date,
    null,
    0,
    1,
    true,
    (date_trunc('month', current_timestamp) + interval '3 day 07:20')::timestamp,
    null,
    (current_timestamp - interval '61 day')::timestamp
  )
on conflict (recurring_transfert_id) do update
set uid = excluded.uid,
    transaction_type = excluded.transaction_type,
    title = excluded.title,
    note = excluded.note,
    amount = excluded.amount,
    currency = excluded.currency,
    sender_id = excluded.sender_id,
    beneficiary_id = excluded.beneficiary_id,
    frequency = excluded.frequency,
    start_date = excluded.start_date,
    next_due_date = excluded.next_due_date,
    end_date = excluded.end_date,
    status = excluded.status,
    execution_mode = excluded.execution_mode,
    reminder_enabled = excluded.reminder_enabled,
    last_generated_at = excluded.last_generated_at,
    last_confirmed_at = excluded.last_confirmed_at,
    created_at = excluded.created_at;

insert into public.transactions (
  tid,
  uid,
  gtid,
  name,
  type,
  beneficiary_id,
  sender_id,
  date,
  note,
  amount,
  currency,
  reference_currency_code,
  converted_amount,
  amount_cdf,
  rate_to_cdf,
  fx_rate_date,
  fx_snapshot_id,
  image,
  frequency,
  category,
  created_at,
  origin_id,
  origin_occurrence_date,
  generation_mode
)
values
  (
    '90000000-0000-0000-0000-000000000001',
    '3176d886-9714-4c61-9832-46b5675096f6',
    '90000000-0000-0000-0000-000000000001',
    'Salaire principal - Studio Kivu',
    3,
    '3176d886-9714-4c61-9832-46b5675096f6',
    '11111111-1111-1111-1111-111111111111',
    (date_trunc('month', current_date) - interval '2 month' + interval '1 day')::date,
    'Salaire confirme.',
    2400000,
    'CDF',
    'CDF',
    2400000,
    2400000,
    1,
    (date_trunc('month', current_date) - interval '2 month' + interval '1 day')::date,
    null,
    null,
    1,
    1,
    (date_trunc('month', current_timestamp) - interval '2 month' + interval '1 day 08:10')::timestamp,
    'aaaaaaa1-aaaa-aaaa-aaaa-aaaaaaaaaaa1',
    (date_trunc('month', current_date) - interval '2 month' + interval '1 day')::date,
    1
  ),
  (
    '90000000-0000-0000-0000-000000000002',
    '3176d886-9714-4c61-9832-46b5675096f6',
    '90000000-0000-0000-0000-000000000002',
    'Prime commerciale',
    3,
    '3176d886-9714-4c61-9832-46b5675096f6',
    '11111111-1111-1111-1111-111111111111',
    (date_trunc('month', current_date) - interval '2 month' + interval '5 day')::date,
    'Prime mensuelle recue.',
    450000,
    'CDF',
    'CDF',
    450000,
    450000,
    1,
    (date_trunc('month', current_date) - interval '2 month' + interval '5 day')::date,
    null,
    null,
    1,
    1,
    (date_trunc('month', current_timestamp) - interval '2 month' + interval '5 day 09:30')::timestamp,
    'aaaaaaa2-aaaa-aaaa-aaaa-aaaaaaaaaaa2',
    (date_trunc('month', current_date) - interval '2 month' + interval '5 day')::date,
    1
  ),
  (
    '90000000-0000-0000-0000-000000000003',
    '3176d886-9714-4c61-9832-46b5675096f6',
    '90000000-0000-0000-0000-000000000003',
    'Salaire principal - Studio Kivu',
    3,
    '3176d886-9714-4c61-9832-46b5675096f6',
    '11111111-1111-1111-1111-111111111111',
    (date_trunc('month', current_date) - interval '1 month' + interval '1 day')::date,
    'Salaire confirme.',
    2400000,
    'CDF',
    'CDF',
    2400000,
    2400000,
    1,
    (date_trunc('month', current_date) - interval '1 month' + interval '1 day')::date,
    null,
    null,
    1,
    1,
    (date_trunc('month', current_timestamp) - interval '1 month' + interval '1 day 08:10')::timestamp,
    'aaaaaaa1-aaaa-aaaa-aaaa-aaaaaaaaaaa1',
    (date_trunc('month', current_date) - interval '1 month' + interval '1 day')::date,
    1
  ),
  (
    '90000000-0000-0000-0000-000000000004',
    '3176d886-9714-4c61-9832-46b5675096f6',
    '90000000-0000-0000-0000-000000000004',
    'Prime commerciale',
    3,
    '3176d886-9714-4c61-9832-46b5675096f6',
    '11111111-1111-1111-1111-111111111111',
    (date_trunc('month', current_date) - interval '1 month' + interval '5 day')::date,
    'Prime mensuelle recue.',
    450000,
    'CDF',
    'CDF',
    450000,
    450000,
    1,
    (date_trunc('month', current_date) - interval '1 month' + interval '5 day')::date,
    null,
    null,
    1,
    1,
    (date_trunc('month', current_timestamp) - interval '1 month' + interval '5 day 09:30')::timestamp,
    'aaaaaaa2-aaaa-aaaa-aaaa-aaaaaaaaaaa2',
    (date_trunc('month', current_date) - interval '1 month' + interval '5 day')::date,
    1
  ),
  (
    '90000000-0000-0000-0000-000000000005',
    '3176d886-9714-4c61-9832-46b5675096f6',
    '90000000-0000-0000-0000-000000000005',
    'Salaire principal - Studio Kivu',
    3,
    '3176d886-9714-4c61-9832-46b5675096f6',
    '11111111-1111-1111-1111-111111111111',
    (date_trunc('month', current_date) + interval '1 day')::date,
    'Salaire principal du mois en cours.',
    2400000,
    'CDF',
    'CDF',
    2400000,
    2400000,
    1,
    (date_trunc('month', current_date) + interval '1 day')::date,
    null,
    null,
    1,
    1,
    (date_trunc('month', current_timestamp) + interval '1 day 08:10')::timestamp,
    'aaaaaaa1-aaaa-aaaa-aaaa-aaaaaaaaaaa1',
    (date_trunc('month', current_date) + interval '1 day')::date,
    1
  ),
  (
    '90000000-0000-0000-0000-000000000006',
    '3176d886-9714-4c61-9832-46b5675096f6',
    '90000000-0000-0000-0000-000000000006',
    'Consulting hebdo',
    5,
    '3176d886-9714-4c61-9832-46b5675096f6',
    '77777777-7777-7777-7777-777777777777',
    (current_date - interval '20 day')::date,
    'Mission creative reglee.',
    180000,
    'CDF',
    'CDF',
    180000,
    180000,
    1,
    (current_date - interval '20 day')::date,
    null,
    null,
    0,
    1,
    (current_timestamp - interval '20 day')::timestamp,
    'bbbbbbb1-bbbb-bbbb-bbbb-bbbbbbbbbbb1',
    (current_date - interval '20 day')::date,
    2
  ),
  (
    '90000000-0000-0000-0000-000000000007',
    '3176d886-9714-4c61-9832-46b5675096f6',
    '90000000-0000-0000-0000-000000000007',
    'Consulting hebdo',
    5,
    '3176d886-9714-4c61-9832-46b5675096f6',
    '77777777-7777-7777-7777-777777777777',
    (current_date - interval '13 day')::date,
    'Mission creative reglee.',
    180000,
    'CDF',
    'CDF',
    180000,
    180000,
    1,
    (current_date - interval '13 day')::date,
    null,
    null,
    0,
    1,
    (current_timestamp - interval '13 day')::timestamp,
    'bbbbbbb1-bbbb-bbbb-bbbb-bbbbbbbbbbb1',
    (current_date - interval '13 day')::date,
    2
  ),
  (
    '90000000-0000-0000-0000-000000000008',
    '3176d886-9714-4c61-9832-46b5675096f6',
    '90000000-0000-0000-0000-000000000008',
    'Consulting hebdo',
    5,
    '3176d886-9714-4c61-9832-46b5675096f6',
    '77777777-7777-7777-7777-777777777777',
    (current_date - interval '6 day')::date,
    'Mission creative reglee.',
    180000,
    'CDF',
    'CDF',
    180000,
    180000,
    1,
    (current_date - interval '6 day')::date,
    null,
    null,
    0,
    1,
    (current_timestamp - interval '6 day')::timestamp,
    'bbbbbbb1-bbbb-bbbb-bbbb-bbbbbbbbbbb1',
    (current_date - interval '6 day')::date,
    2
  ),
  (
    '90000000-0000-0000-0000-000000000009',
    '3176d886-9714-4c61-9832-46b5675096f6',
    '90000000-0000-0000-0000-000000000009',
    'CanalBox Fibre',
    2,
    '55555555-5555-5555-5555-555555555555',
    '3176d886-9714-4c61-9832-46b5675096f6',
    (date_trunc('month', current_date) - interval '1 month' + interval '11 day')::date,
    'Prelevement mensuel internet.',
    240000,
    'CDF',
    'CDF',
    240000,
    240000,
    1,
    (date_trunc('month', current_date) - interval '1 month' + interval '11 day')::date,
    null,
    null,
    1,
    0,
    (date_trunc('month', current_timestamp) - interval '1 month' + interval '11 day 10:20')::timestamp,
    'ccccccc1-cccc-cccc-cccc-ccccccccccc1',
    (date_trunc('month', current_date) - interval '1 month' + interval '11 day')::date,
    2
  ),
  (
    '90000000-0000-0000-0000-000000000010',
    '3176d886-9714-4c61-9832-46b5675096f6',
    '90000000-0000-0000-0000-000000000010',
    'Spotify Famille',
    2,
    '66666666-6666-6666-6666-666666666666',
    '3176d886-9714-4c61-9832-46b5675096f6',
    (date_trunc('month', current_date) + interval '4 day')::date,
    'Abonnement musique du mois.',
    42000,
    'CDF',
    'CDF',
    42000,
    42000,
    1,
    (date_trunc('month', current_date) + interval '4 day')::date,
    null,
    null,
    1,
    0,
    (date_trunc('month', current_timestamp) + interval '4 day 07:50')::timestamp,
    'ccccccc2-cccc-cccc-cccc-ccccccccccc2',
    (date_trunc('month', current_date) + interval '4 day')::date,
    2
  ),
  (
    '90000000-0000-0000-0000-000000000011',
    '3176d886-9714-4c61-9832-46b5675096f6',
    '90000000-0000-0000-0000-000000000011',
    'Airtel Business',
    4,
    '88888888-8888-8888-8888-888888888888',
    '3176d886-9714-4c61-9832-46b5675096f6',
    (date_trunc('month', current_date) + interval '3 day')::date,
    'Forfait data pro du mois.',
    95000,
    'CDF',
    'CDF',
    95000,
    95000,
    1,
    (date_trunc('month', current_date) + interval '3 day')::date,
    null,
    null,
    1,
    0,
    (date_trunc('month', current_timestamp) + interval '3 day 07:20')::timestamp,
    'ccccccc3-cccc-cccc-cccc-ccccccccccc3',
    (date_trunc('month', current_date) + interval '3 day')::date,
    2
  ),
  (
    '90000000-0000-0000-0000-000000000012',
    '3176d886-9714-4c61-9832-46b5675096f6',
    '90000000-0000-0000-0000-000000000012',
    'Projet logo',
    1,
    '3176d886-9714-4c61-9832-46b5675096f6',
    '77777777-7777-7777-7777-777777777777',
    (current_date - interval '3 day')::date,
    'Paiement ponctuel client.',
    350000,
    'CDF',
    'CDF',
    350000,
    350000,
    1,
    (current_date - interval '3 day')::date,
    null,
    null,
    null,
    1,
    (current_timestamp - interval '3 day')::timestamp,
    null,
    null,
    0
  ),
  (
    '90000000-0000-0000-0000-000000000013',
    '3176d886-9714-4c61-9832-46b5675096f6',
    '90000000-0000-0000-0000-000000000013',
    'Acompte loyer partage',
    0,
    '22222222-2222-2222-2222-222222222222',
    '3176d886-9714-4c61-9832-46b5675096f6',
    (current_date - interval '5 day')::date,
    'Avance envoyee a Nadege pour le logement.',
    900000,
    'CDF',
    'CDF',
    900000,
    900000,
    1,
    (current_date - interval '5 day')::date,
    null,
    null,
    null,
    0,
    (current_timestamp - interval '5 day')::timestamp,
    null,
    null,
    0
  ),
  (
    '90000000-0000-0000-0000-000000000014',
    '3176d886-9714-4c61-9832-46b5675096f6',
    '90000000-0000-0000-0000-000000000014',
    'Transport equipe',
    0,
    '33333333-3333-3333-3333-333333333333',
    '3176d886-9714-4c61-9832-46b5675096f6',
    (current_date - interval '7 day')::date,
    'Participation transport pour un deplacement.',
    85000,
    'CDF',
    'CDF',
    85000,
    85000,
    1,
    (current_date - interval '7 day')::date,
    null,
    null,
    null,
    0,
    (current_timestamp - interval '7 day')::timestamp,
    null,
    null,
    0
  ),
  (
    '90000000-0000-0000-0000-000000000015',
    '3176d886-9714-4c61-9832-46b5675096f6',
    '90000000-0000-0000-0000-000000000015',
    'Diner partage',
    0,
    '44444444-4444-4444-4444-444444444444',
    '3176d886-9714-4c61-9832-46b5675096f6',
    (current_date - interval '1 day')::date,
    'Sortie du week-end avec Grace.',
    125000,
    'CDF',
    'CDF',
    125000,
    125000,
    1,
    (current_date - interval '1 day')::date,
    null,
    null,
    null,
    0,
    (current_timestamp - interval '1 day')::timestamp,
    null,
    null,
    0
  ),
  (
    '90000000-0000-0000-0000-000000000016',
    '3176d886-9714-4c61-9832-46b5675096f6',
    '90000000-0000-0000-0000-000000000016',
    'Pret a Nadege',
    6,
    '22222222-2222-2222-2222-222222222222',
    '3176d886-9714-4c61-9832-46b5675096f6',
    (current_date - interval '9 day')::date,
    'Pret ponctuel a rembourser avant la fin de semaine.',
    350000,
    'CDF',
    'CDF',
    350000,
    350000,
    1,
    (current_date - interval '9 day')::date,
    null,
    null,
    null,
    0,
    (current_timestamp - interval '9 day')::timestamp,
    null,
    null,
    0
  ),
  (
    '90000000-0000-0000-0000-000000000017',
    '3176d886-9714-4c61-9832-46b5675096f6',
    '90000000-0000-0000-0000-000000000017',
    'Remboursement de Nadege',
    6,
    '3176d886-9714-4c61-9832-46b5675096f6',
    '22222222-2222-2222-2222-222222222222',
    (current_date - interval '2 day')::date,
    'Premier remboursement recu.',
    100000,
    'CDF',
    'CDF',
    100000,
    100000,
    1,
    (current_date - interval '2 day')::date,
    null,
    null,
    null,
    0,
    (current_timestamp - interval '2 day')::timestamp,
    'ddddddd1-dddd-dddd-dddd-ddddddddddd1',
    (current_date - interval '2 day')::date,
    0
  ),
  (
    '90000000-0000-0000-0000-000000000018',
    '3176d886-9714-4c61-9832-46b5675096f6',
    '90000000-0000-0000-0000-000000000018',
    'Pret recu de Patrick',
    6,
    '3176d886-9714-4c61-9832-46b5675096f6',
    '33333333-3333-3333-3333-333333333333',
    (current_date - interval '4 day')::date,
    'Pret ponctuel recu pour un achat urgent.',
    500000,
    'CDF',
    'CDF',
    500000,
    500000,
    1,
    (current_date - interval '4 day')::date,
    null,
    null,
    null,
    0,
    (current_timestamp - interval '4 day')::timestamp,
    null,
    null,
    0
  ),
  (
    '90000000-0000-0000-0000-000000000019',
    '3176d886-9714-4c61-9832-46b5675096f6',
    '90000000-0000-0000-0000-000000000019',
    'Remboursement Patrick',
    6,
    '33333333-3333-3333-3333-333333333333',
    '3176d886-9714-4c61-9832-46b5675096f6',
    (current_date - interval '1 day')::date,
    'Remboursement partiel envoye.',
    200000,
    'CDF',
    'CDF',
    200000,
    200000,
    1,
    (current_date - interval '1 day')::date,
    null,
    null,
    null,
    0,
    (current_timestamp - interval '1 day')::timestamp,
    'ddddddd2-dddd-dddd-dddd-ddddddddddd2',
    (current_date - interval '1 day')::date,
    0
  )
on conflict (tid) do update
set uid = excluded.uid,
    gtid = excluded.gtid,
    name = excluded.name,
    type = excluded.type,
    beneficiary_id = excluded.beneficiary_id,
    sender_id = excluded.sender_id,
    date = excluded.date,
    note = excluded.note,
    amount = excluded.amount,
    currency = excluded.currency,
    reference_currency_code = excluded.reference_currency_code,
    converted_amount = excluded.converted_amount,
    amount_cdf = excluded.amount_cdf,
    rate_to_cdf = excluded.rate_to_cdf,
    fx_rate_date = excluded.fx_rate_date,
    fx_snapshot_id = excluded.fx_snapshot_id,
    image = excluded.image,
    frequency = excluded.frequency,
    category = excluded.category,
    created_at = excluded.created_at,
    origin_id = excluded.origin_id,
    origin_occurrence_date = excluded.origin_occurrence_date,
    generation_mode = excluded.generation_mode;

insert into public.debts (
  debt_id,
  created_by,
  lender_id,
  borrower_id,
  principal_transaction_id,
  title,
  note,
  currency,
  principal_amount,
  expected_repayment_amount,
  repaid_amount,
  remaining_amount,
  due_date,
  status,
  reminder_enabled,
  last_due_notification_at,
  closed_at,
  created_at,
  updated_at
)
values
  (
    'ddddddd1-dddd-dddd-dddd-ddddddddddd1',
    '3176d886-9714-4c61-9832-46b5675096f6',
    '3176d886-9714-4c61-9832-46b5675096f6',
    '22222222-2222-2222-2222-222222222222',
    '90000000-0000-0000-0000-000000000016',
    'Pret a Nadege',
    'Dette a percevoir avec un premier remboursement deja recu.',
    'CDF',
    350000,
    350000,
    100000,
    250000,
    (current_date - interval '3 day')::date,
    3,
    true,
    null,
    null,
    (current_timestamp - interval '9 day')::timestamp,
    (current_timestamp - interval '2 day')::timestamp
  ),
  (
    'ddddddd2-dddd-dddd-dddd-ddddddddddd2',
    '3176d886-9714-4c61-9832-46b5675096f6',
    '33333333-3333-3333-3333-333333333333',
    '3176d886-9714-4c61-9832-46b5675096f6',
    '90000000-0000-0000-0000-000000000018',
    'Pret recu de Patrick',
    'Dette a rembourser avec solde restant.',
    'CDF',
    500000,
    500000,
    200000,
    300000,
    (current_date + interval '9 day')::date,
    1,
    true,
    null,
    null,
    (current_timestamp - interval '4 day')::timestamp,
    (current_timestamp - interval '1 day')::timestamp
  )
on conflict (debt_id) do update
set created_by = excluded.created_by,
    lender_id = excluded.lender_id,
    borrower_id = excluded.borrower_id,
    principal_transaction_id = excluded.principal_transaction_id,
    title = excluded.title,
    note = excluded.note,
    currency = excluded.currency,
    principal_amount = excluded.principal_amount,
    expected_repayment_amount = excluded.expected_repayment_amount,
    repaid_amount = excluded.repaid_amount,
    remaining_amount = excluded.remaining_amount,
    due_date = excluded.due_date,
    status = excluded.status,
    reminder_enabled = excluded.reminder_enabled,
    last_due_notification_at = excluded.last_due_notification_at,
    closed_at = excluded.closed_at,
    created_at = excluded.created_at,
    updated_at = excluded.updated_at;

commit;